yt_url	no	artist	album	title
https://www.youtube.com/watch?v=sZNBzwpKmmY	1	くもんのうた200えほん	001-090 きほんのうた	ぞうさん
https://www.youtube.com/watch?v=07wXlYf5GLU	2	くもんのうた200えほん	001-090 きほんのうた	チューリップ
https://www.youtube.com/watch?v=OH4Z9j_zNAQ	3	くもんのうた200えほん	001-090 きほんのうた	ぶんぶんぶん
https://www.youtube.com/watch?v=OdEBgAecxo8	4	くもんのうた200えほん	001-090 きほんのうた	はと
https://www.youtube.com/watch?v=B5tITLjWXrU	5	くもんのうた200えほん	001-090 きほんのうた	おうま
https://www.youtube.com/watch?v=cxSJwsuGniI	6	くもんのうた200えほん	001-090 きほんのうた	どんぐりころころ
https://www.youtube.com/watch?v=C9vPhqs0yl4	7	くもんのうた200えほん	001-090 きほんのうた	とんぼのめがね
https://www.youtube.com/watch?v=mUJ5YW6sfTU	8	くもんのうた200えほん	001-090 きほんのうた	おつかいありさん
https://www.youtube.com/watch?v=xVhR3u4Qa2g	9	くもんのうた200えほん	001-090 きほんのうた	だるまさん
https://www.youtube.com/watch?v=6dj0paBPsiw	10	くもんのうた200えほん	001-090 きほんのうた	げんこつやまのたぬきさん
https://www.youtube.com/watch?v=IJ8XBEuJzAE	11	くもんのうた200えほん	001-090 きほんのうた	おおきなたいこ
https://www.youtube.com/watch?v=zmCUQ39GHTI	12	くもんのうた200えほん	001-090 きほんのうた	みずあそび
https://www.youtube.com/watch?v=OvKMHHfYEf4	13	くもんのうた200えほん	001-090 きほんのうた	サッちゃん
https://www.youtube.com/watch?v=Be_lNE02Vak	14	くもんのうた200えほん	001-090 きほんのうた	ちょうちょ
https://www.youtube.com/watch?v=PPAP6g1wixM	15	くもんのうた200えほん	001-090 きほんのうた	おはながわらった
https://www.youtube.com/watch?v=jT8DfkNvggw	16	くもんのうた200えほん	001-090 きほんのうた	あひるのぎょうれつ
https://www.youtube.com/watch?v=tqMBb_Og5vo	17	くもんのうた200えほん	001-090 きほんのうた	かえるのうた
https://www.youtube.com/watch?v=IlbvDjTgU5k	18	くもんのうた200えほん	001-090 きほんのうた	かたつむり
https://www.youtube.com/watch?v=jX-KQPBYTpk	19	くもんのうた200えほん	001-090 きほんのうた	シャボンだま
https://www.youtube.com/watch?v=J8b0FxCC1U4	20	くもんのうた200えほん	001-090 きほんのうた	おおきなくりのきのしたで
https://www.youtube.com/watch?v=je4hFwxu36g	21	くもんのうた200えほん	001-090 きほんのうた	メリーさんのひつじ
https://www.youtube.com/watch?v=wkF_eeFyroM	22	くもんのうた200えほん	001-090 きほんのうた	こいのぼり
https://www.youtube.com/watch?v=eJKxMTT3CYU	23	くもんのうた200えほん	001-090 きほんのうた	ゆうやけこやけ
https://www.youtube.com/watch?v=w_qwo_OkC5A	24	くもんのうた200えほん	001-090 きほんのうた	つき
https://www.youtube.com/watch?v=1gUrluQzoR8	25	くもんのうた200えほん	001-090 きほんのうた	うさぎ
https://www.youtube.com/watch?v=mGj_1lUtfeA	26	くもんのうた200えほん	001-090 きほんのうた	かわいいかくれんぼ
https://www.youtube.com/watch?v=UobrukTITE8	27	くもんのうた200えほん	001-090 きほんのうた	めだかのがっこう
https://www.youtube.com/watch?v=mNQO78syiRE	28	くもんのうた200えほん	001-090 きほんのうた	こぶたぬきつねこ
https://www.youtube.com/watch?v=BxlZUxJ_yzE	29	くもんのうた200えほん	001-090 きほんのうた	いぬのおまわりさん
https://www.youtube.com/watch?v=q5PUk2oW5Fs	30	くもんのうた200えほん	001-090 きほんのうた	むすんでひらいて
https://www.youtube.com/watch?v=3Ciepi2S4oY	31	くもんのうた200えほん	001-090 きほんのうた	とけいのうた
https://www.youtube.com/watch?v=ILJ1ujy_2Rk	32	くもんのうた200えほん	001-090 きほんのうた	すうじのうた
https://www.youtube.com/watch?v=WbyFWjDT9jU	33	くもんのうた200えほん	001-090 きほんのうた	おすもうくまちゃん
https://www.youtube.com/watch?v=m1vgmmmWJAY	34	くもんのうた200えほん	001-090 きほんのうた	おもちゃのマーチ
https://www.youtube.com/watch?v=VOOwzMvSeH8	35	くもんのうた200えほん	001-090 きほんのうた	ことりのうた
https://www.youtube.com/watch?v=wJBHSjr3FvY	36	くもんのうた200えほん	001-090 きほんのうた	きらきらぼし
https://www.youtube.com/watch?v=-ZkyV1x6x4g	37	くもんのうた200えほん	001-090 きほんのうた	ゆき
https://www.youtube.com/watch?v=rJkU4EtKGSM	38	くもんのうた200えほん	001-090 きほんのうた	おしょうがつ
https://www.youtube.com/watch?v=X8OTvpXFU8E	39	くもんのうた200えほん	001-090 きほんのうた	かたたたき
https://www.youtube.com/watch?v=dWW8JzeVpcQ	40	くもんのうた200えほん	001-090 きほんのうた	てをたたきましょう
https://www.youtube.com/watch?v=uYjZizq83xQ	41	くもんのうた200えほん	001-090 きほんのうた	おはなしゆびさん
https://www.youtube.com/watch?v=BqInbic9xUk	42	くもんのうた200えほん	001-090 きほんのうた	おかあさん
https://www.youtube.com/watch?v=T7j9euvXQDI	43	くもんのうた200えほん	001-090 きほんのうた	ないしょばなし
https://www.youtube.com/watch?v=MN_iFoIW48c	44	くもんのうた200えほん	001-090 きほんのうた	くつがなる
https://www.youtube.com/watch?v=7S9zZiSbZes	45	くもんのうた200えほん	001-090 きほんのうた	ななつのこ
https://www.youtube.com/watch?v=2_5QriMu5Sg	46	くもんのうた200えほん	001-090 きほんのうた	ゆうひ
https://www.youtube.com/watch?v=60BQk3uIeoY	47	くもんのうた200えほん	001-090 きほんのうた	たなばたさま
https://www.youtube.com/watch?v=gbLoiHPfO04	48	くもんのうた200えほん	001-090 きほんのうた	やまのおんがくか
https://www.youtube.com/watch?v=XBHzo_rHWac	49	くもんのうた200えほん	001-090 きほんのうた	うさぎのダンス
https://www.youtube.com/watch?v=jE2JPfDGHLQ	50	くもんのうた200えほん	001-090 きほんのうた	いとまきのうた
https://www.youtube.com/watch?v=5GdxN6oM1pg	51	くもんのうた200えほん	001-090 きほんのうた	うみ
https://www.youtube.com/watch?v=9y5WHgyqaa0	52	くもんのうた200えほん	001-090 きほんのうた	ゆりかごのうた
https://www.youtube.com/watch?v=xMd8VTcphBc	53	くもんのうた200えほん	001-090 きほんのうた	しょうじょうじのたぬきばやし
https://www.youtube.com/watch?v=b4BlZsWrYVk	54	くもんのうた200えほん	001-090 きほんのうた	こぎつね
https://www.youtube.com/watch?v=MEAFO5gAAAY	55	くもんのうた200えほん	001-090 きほんのうた	あかとんぼ
https://www.youtube.com/watch?v=Is8YGAQQsmI	56	くもんのうた200えほん	001-090 きほんのうた	たきび
https://www.youtube.com/watch?v=VmLq9qgneeU	57	くもんのうた200えほん	001-090 きほんのうた	とおりゃんせ
https://www.youtube.com/watch?v=VxvfxKmJANw	58	くもんのうた200えほん	001-090 きほんのうた	かごめかごめ
https://www.youtube.com/watch?v=FwXaWYGVOuc	59	くもんのうた200えほん	001-090 きほんのうた	アイアイ
https://www.youtube.com/watch?v=dVdoj7mbt4E	60	くもんのうた200えほん	001-090 きほんのうた	おべんとうばこのうた
https://www.youtube.com/watch?v=r90eqlsXHqI	61	くもんのうた200えほん	001-090 きほんのうた	うさぎとかめ
https://www.youtube.com/watch?v=d3T7CPN49gI	62	くもんのうた200えほん	001-090 きほんのうた	ももたろう
https://www.youtube.com/watch?v=H8TWQEJQDt8	63	くもんのうた200えほん	001-090 きほんのうた	うらしまたろう
https://www.youtube.com/watch?v=ocqgd6wn8RE	64	くもんのうた200えほん	001-090 きほんのうた	わらいかわせみにはなすなよ
https://www.youtube.com/watch?v=qrZxKTpn8-c	65	くもんのうた200えほん	001-090 きほんのうた	やぎさんゆうびん
https://www.youtube.com/watch?v=-yhYnI9_Yto	66	くもんのうた200えほん	001-090 きほんのうた	もりのくまさん
https://www.youtube.com/watch?v=bMhqoCTAank	67	くもんのうた200えほん	001-090 きほんのうた	あめふりくまのこ
https://www.youtube.com/watch?v=CngNuBbpB8c	68	くもんのうた200えほん	001-090 きほんのうた	とんでったバナナ
https://www.youtube.com/watch?v=eNkYrEZ5E_s	69	くもんのうた200えほん	001-090 きほんのうた	そうだったらいいのにな
https://www.youtube.com/watch?v=JgwEZ08kaEU	70	くもんのうた200えほん	001-090 きほんのうた	おおきなふるどけい
https://www.youtube.com/watch?v=NondbaYFOqU	71	くもんのうた200えほん	001-090 きほんのうた	おもちゃのチャチャチャ
https://www.youtube.com/watch?v=k6i11lhjND8	72	くもんのうた200えほん	001-090 きほんのうた	きしゃポッポ
https://www.youtube.com/watch?v=mmYxTm4mzyw	73	くもんのうた200えほん	001-090 きほんのうた	うたのまち
https://www.youtube.com/watch?v=nYcQpYQdEak	74	くもんのうた200えほん	001-090 きほんのうた	かもめのすいへいさん
https://www.youtube.com/watch?v=RbyJ6DrgN54	75	くもんのうた200えほん	001-090 きほんのうた	ドレミのうた
https://www.youtube.com/watch?v=rGFqqNjM-0E	76	くもんのうた200えほん	001-090 きほんのうた	じゅうにんのインディアン
https://www.youtube.com/watch?v=Hg4m1HVJ66c	77	くもんのうた200えほん	001-090 きほんのうた	しあわせならてをたたこう
https://www.youtube.com/watch?v=8QUKGVqq_2g	78	くもんのうた200えほん	001-090 きほんのうた	ふしぎなポケット
https://www.youtube.com/watch?v=5sYgRqXa-uk	79	くもんのうた200えほん	001-090 きほんのうた	おなかのへるうた
https://www.youtube.com/watch?v=UwpqEmBvPe0	80	くもんのうた200えほん	001-090 きほんのうた	バナナのおやこ
https://www.youtube.com/watch?v=ryH4A917N7M	81	くもんのうた200えほん	001-090 きほんのうた	おんまはみんな
https://www.youtube.com/watch?v=nXhCs6me5pM	82	くもんのうた200えほん	001-090 きほんのうた	もりのこびと
https://www.youtube.com/watch?v=2abddrJ0LwE	83	くもんのうた200えほん	001-090 きほんのうた	うれしいひなまつり
https://www.youtube.com/watch?v=raUmPAn-Pjg	84	くもんのうた200えほん	001-090 きほんのうた	ぼうがいっぽん
https://www.youtube.com/watch?v=XkqIs91vJFQ	85	くもんのうた200えほん	001-090 きほんのうた	いっぽんでもにんじん
https://www.youtube.com/watch?v=_3-r6eH8VHw	86	くもんのうた200えほん	001-090 きほんのうた	ロンドンばし
https://www.youtube.com/watch?v=HSet8WrS2Mw	87	くもんのうた200えほん	001-090 きほんのうた	まっかなあき
https://www.youtube.com/watch?v=E1vzouR1Zds	88	くもんのうた200えほん	001-090 きほんのうた	ピクニック
https://www.youtube.com/watch?v=YJSrGa6wnx4	89	くもんのうた200えほん	001-090 きほんのうた	クラリネットをこわしちゃった
https://www.youtube.com/watch?v=KBxI33XT8TQ	90	くもんのうた200えほん	001-090 きほんのうた	ジングルベル
